{"options":{"check_for_updates":true,"comment":null,"compatopts_for_requires":true,"compat_wrappedjsobject":false,"compat_metadata":false,"compat_foreach":false,"compat_arrayleft":false,"compat_uW_gmonkey":false,"compat_forvarin":false,"noframes":null,"awareOfChrome":false,"run_at":null,"override":{"use_includes":[],"orig_includes":[],"merge_includes":true,"use_matches":[],"orig_matches":["*://tieba.baidu.com/p/*","*://tieba.baidu.com/f?*"],"merge_matches":true,"use_excludes":[],"orig_excludes":[],"merge_excludes":true,"use_connects":[],"merge_connects":true,"use_blockers":[],"orig_run_at":"document-idle","orig_noframes":null,"orig_connects":[]}},"settings":{"enabled":true,"position":2},"meta":{"name":"百度贴吧简化","uuid":"ba7b3b05-40fe-4d93-8f66-4eb3a9081380","modified":1558079211141,"file_url":"https://greasyfork.org/scripts/378009-%E7%99%BE%E5%BA%A6%E8%B4%B4%E5%90%A7%E7%AE%80%E5%8C%96/code/%E7%99%BE%E5%BA%A6%E8%B4%B4%E5%90%A7%E7%AE%80%E5%8C%96.user.js"}}