{"options":{"check_for_updates":true,"comment":null,"compatopts_for_requires":true,"compat_wrappedjsobject":false,"compat_metadata":false,"compat_foreach":false,"compat_arrayleft":false,"compat_uW_gmonkey":false,"compat_forvarin":false,"noframes":null,"awareOfChrome":false,"run_at":null,"override":{"use_includes":[],"orig_includes":[],"merge_includes":true,"use_matches":[],"orig_matches":["http://tieba.baidu.com/*","https://tieba.baidu.com/*"],"merge_matches":true,"use_excludes":[],"orig_excludes":[],"merge_excludes":true,"use_connects":[],"merge_connects":true,"use_blockers":[],"orig_run_at":"document-start","orig_noframes":null,"orig_connects":[]}},"settings":{"enabled":true,"position":3},"meta":{"name":"贴吧显示真实ID","uuid":"92c43324-4b44-4daf-896e-1518e4b8ab55","modified":1558318967350,"file_url":"https://greasyfork.org/scripts/31207-%E8%B4%B4%E5%90%A7%E6%98%BE%E7%A4%BA%E7%9C%9F%E5%AE%9Eid/code/%E8%B4%B4%E5%90%A7%E6%98%BE%E7%A4%BA%E7%9C%9F%E5%AE%9EID.user.js"}}